name,brewery,year,abv,style,size,stock,purchased,drunk,ibu,collaborators,barrel_aged,barrel_type,brewed_with
Pale Ale,12 Acres Brewing Company,2020,4.6,Pale Ale,500,0,1,true,34,,false,,
Winter Is Coming,12 Acres Brewing Company,2020,5.2,Oatmeal Porter,440,0,1,true,,,false,,
Union And Hyde,Alefarm Brewing,2020,6.2,American IPA,440,0,1,true,6,,false,,
Entomb II,Beavertown,2018,4.3,Gose,375,0,1,true,,,true,Terracota Amphorae,
Onna-Bugeisha,Beavertown,2019,7.1,Sake Inspired Dry Lager,375,0,1,true,,,true,,
I'm So Aware This Is Happening #262,Beerbliotek,2019,7.9,Imperial IPA,330,0,1,true,,,false,,
They're Playing Our Song #269,Beerbliotek,2019,7.5,New England IPA,330,0,1,true,,Finback,false,,
Fà Balà L'Oeucc,Birrificio Lambrate,2020,5.8,American IPA,330,0,1,true,80,,false,,
Jambe-de-Bois,Brasserie de la Senne,2019,8,Belgian Tripple,330,0,1,true,49,,false,,
Dead Pony Club,Brewdog,2020,3.8,Session Pale Ale,330,0,2,true,,,false,,
Zona Rossa,BrewFist,2020,5.5,American Pale Ale,330,0,1,true,,,false,,
Palinca (All Together),Brewtal Truth,2020,6.1,IPA,500,0,1,true,75,,false,,
The Devil In I,Brewtal Truth,2020,11,Imperial Stout,330,0,1,true,,,false,,
The Devil In I (Raspberry Small Batch),Brewtal Truth,2020,11,Imperial Stout,330,0,1,true,,,false,,Raspberry
Dethrone,Brewtal Truth,2020,7.6,American IPA,500,0,1,true,80,,false,,
3 Fonteinen Oude Geuze,Brouwerij 3 Fonteinen,2016,6,Gueuze Lambic,330,0,1,true,,,true,Oak,
Oude Geuze Boon,Brouwerij Boon,2016,7,Gueuze Lambic,375,0,1,true,22,,true,,
Pere Noel,Brouwerij De Ranke,2018,7,Christmas Ale,330,0,1,true,,,false,,
Lambic Infused With Olive Leaves,Brouwerij Oud Beersel,2020,6.8,Lambic,1000,0,1,true,,,true,,
Oude Geuze (Vieille),Brouwerij Oud Beersel,2019,6.5,Gueuze Lambic,330,0,1,true,16,,true,,
Delta IPA,Brussels Beer Project,2019,6.5,Saison IPA,330,0,1,true,45,,false,,
Classic Gueuze,Cantillon,2018,5,Gueuze Lambic,1500,0,1,true,,,false,,
Classic Gueuze,Cantillon,2019,5.5,Gueuze Lambic,375,0,1,true,,,false,,
Rose de Gambrinus,Cantillon,2018,5,Lambic - Framboise,750,1,1,true,,,false,,
A Fire by the Bines,Cloudwater Brew Co.,2019,8,Double IPA,440,0,1,true,,,false,,
An Ever Flowing Body Of Water,Cloudwater Brew Co.,2019,6.7,IPA,440,0,1,true,,,false,,
The Infinite Sides of the Globe,Cloudwater Brew Co.,2019,5.5,Double Dry Hopped Pale Ale,440,0,1,true,,,false,,
"What's Best For Us, Is Also What's Best For You",Cloudwater Brew Co.,2019,9,Double IPA,440,0,3,true,,,false,,
Pale Ale,Cloudwater Brew Co.,2020,3.7,American Pale Ale,440,0,1,true,,,false,,
Jam Up The Mash,Collective Arts Brewing,2020,5.2,Sour,440,0,1,true,,,false,,
L'Brett d'Apricot,Crooked Stave Artisan Beer Project,2017,5.7,Lambic,750,0,1,true,,,true,Oak,Apricots
L'Brett D'Or,Crooked Stave Artisan Beer Project,2019,5,American Wild Ale,750,0,1,true,,,true,oak,
Teeny Tiny,Dead Center,2020,3.3,New England IPA,440,0,1,true,,,false,,
Commander Reserve,Dead Frog,2015,10.5,Imperial Stout,650,0,1,false,,,true,,
Argentum,Delirium,2018,7,Hopped Amber Ale,330,0,1,true,,,false,,
The Dissident,Deschutes,2017,10.5,Ale,650,1,1,false,,,true,Oak,cherries
Session IPA,Dick Macks,2020,4.6,Session IPA,1000,0,1,true,35,,false,,
Contains Nuts,Dot Brew,2019,10.9,Imperial Milk Stout/Barrel Aged Porter,330,0,1,true,,,true,,
DOT 12,Dot Brew,2019,9,Imperial Rye,330,0,1,true,,12 acres,true,,
Just A Minute,Dot Brew,2020,8.6,Imperial Pale Ale,330,0,1,true,,,true,"White Rum, Bourbon and Whiskey",
Hill Of The Serpent,Eight Degrees,2020,6.66,Cascadian Dark Ale,440,0,1,true,,,false,,
Maroon Ball 7,Eight Degrees,2019,8.3,kviek Double IPA,440,0,1,true,,,false,,
Easy Jack,Firestone Walker,2020,4.5,IPA,355,0,1,true,,,false,,
Firestone Walker - Luponic Distortion No. 13 ,Firestone Walker,2020,5.9,IPA,355,0,1,true,,,false,,
Helldorado,Firestone Walker,2016,11.8,Blonde Barley Wine Ale,650,1,1,false,,,false,,
Stickee Monkee,Firestone Walker,2016,11.6,Central Coast Quad,650,1,1,false,,,true,,
XXII Anniversary Ale,Firestone Walker,2018,12.7,Ale,355,1,1,false,,,true,oak,
CBS,Founders,2018,11.6,Imperial Stout,355,1,1,true,,,true,,
KBS,Founders,2019,12.2,Imperial Stout,355,1,1,true,,,true,,
Jarl,Fyne Ales,2020,3.8,Blonde Ale,440,0,1,true,40,,false,,
Diving Bell,Galway Bay,2018,9.5,Wee heavy,500,2,2,true,,,true,,
Harmonic Convergence,Galway Bay,2018,12,Barley Wine,500,1,2,false,0,Boundary,true,,
Harmonic Convergence,Galway Bay,2019,10.5,Barley Wine,500,2,3,true,0,Boundary,true,Sherry/Vermouth,
Two Hundred Fathoms,Galway Bay,2017,10,Imperial Stout,500,1,1,true,,,true,Whiskey,
Two Hundred Fathoms,Galway Bay,2018,10,Imperial Stout,500,3,3,true,,,true,Whiskey,
All Together,Garage Beer co.,2020,6.5,New England IPA,440,0,1,true,,,false,,
Cotorres,Garage Beer co.,2019,5.5,Berliner Weisse,440,0,1,true,,Alvarado Street,false,,
False Coloured Eyes,Garage Beer co.,2019,6,New England IPA,440,0,1,true,,Deya,false,,
No Dice,Garage Beer co.,2020,8.5,Double New England IPA,440,0,1,true,,,false,,
Ocata,Garage Beer co.,2019,5.4,IPA,440,0,1,true,,,false,,
Supercombi,Garage Beer co.,2019,8.6,Double IPA,440,0,1,true,,Other Half,false,,
Member IPA?,Green Cheek Beer Company,2020,7,American IPA,440,0,1,true,,,false,,
Digital Leash,Heaney Farmhouse,2020,6,IPA,440,0,1,true,,,false,,
I Can See the Stars,Heaney Farmhouse,2020,11,Russian Imperial Stout,440,0,1,true,,Boundary,false,,
Winter Season,Hope,2019,4.9,Black IPA,440,0,1,true,30,,false,,
Great news,Hopewell,2019,5.6,Saison,475,0,1,true,,,false,,
Sour Series - Berliner Weisse With Guava And Passionfruit,HORIZONT Brewing,2020,3.5,Fruited Berliner Weisse,440,0,1,true,15,,false,,
Soldier's Island,Kildare Brewing Co.,2020,4.5,Pale Ale,440,0,1,true,,,false,,
Brewers At Play | No. 7 Hazy Session IPA,Kinnegar Brewing,2020,4.2,Hazy Session IPA,440,0,1,true,,,false,,
Noire du Midi,L'Ermitage,2019,6.9,Hoppy Porter,330,0,1,true,,,false,,
Elements,Larkin's,2020,7.5,Double IPA,440,0,2,true,,,false,,
Bad Haircut,Lervig,2020,7.5,Double IPA,330,0,1,true,31,,false,,
Coconuts,Lervig,2020,12.5,Imperial Stout,500,0,1,true,,,true,,"Coconut, maple and vanilla"
Dark Orbit,Lervig,2020,7,Porter,500,0,1,true,,,false,,
Supersonic,Lervig,2020,8.5,DDH IPA,500,0,1,true,,,false,,
Zephyr,Lineman,2020,6,West Coast IPA,440,0,1,true,,,false,,
Tongerlo,Lux,2018,6,Belgian Blond,750,1,1,false,,,false,,
Szilvás Gombóc,Mad Scientist,2020,10,Fruited Gose,330,0,1,true,,,false,,
Cryoflayer 8.88,Marz community Brewing Co.,2019,8.88,Triple dry hopped hazy double IPA,330,0,4,true,,,false,,
Dans’s Double IPA,McGargles,2019,8,Double IPA,500,0,1,true,80,,false,,
Daragh's Session IPA,McGargles,2019,3.8,Session IPA,500,0,1,true,38,,false,,
Francis’ Big Bangin’ IPA,McGargles,2019,7.1,IPA,500,0,1,true,70,,false,,
Rosie's Pale Ale,McGargles,2019,4.5,Pale Ale,500,0,1,true,35,,false,,
Thomas Hardy's Ale,Meantime Brewing Company,2014,11.7,Barley Wine,330,1,1,false,,,false,,
Monster Park (Mexican Hot Choclate Edition),Modern Times,2019,14.2,Imperial Stout,350,0,1,true,,,true,Bourbon,
Mythic Worlds,Modern Times,2019,7.6,New England IPA,440,0,1,true,,,false,,
Bête-Raves Sauvages,Mont Hardi,2020,5.9,Farmhouse Saison Ale,330,0,1,true,,,false,,
Star City,Mothership,2019,7.4,Double IPA,440,0,1,true,65,Fourpure Brewing co,false,,
Alternative Facts,O'Brother,2020,4,Dry Hopped Sour,440,0,1,true,,,false,,
Leann Follain,O'hara's,2018,8.1,Stout,750,1,1,false,,,true,Bourbon,
Aon Pecan Mud Cake,Omnipollo,2019,11,Imperial Stout,330,0,1,true,,,false,,
Lorelei,Omnipollo,2020,10.5,Imperial Porter,330,1,1,false,,,false,,Coconut & Maple Syrup
Moebius,Omnipollo,2020,8.5,Imperial IPA,440,0,4,true,,,false,,
Original Chocolate Ice Cream,Omnipollo,2019,6.2,Brown Ale,440,0,1,false,,Buxton,false,,
Lime And Pepper Gose,Pilot,2020,5.1,Fruited Gose,330,0,1,true,,,false,,
Hopping Spree,Round Corner Brewing,2020,6.6,American IPA,330,0,1,true,60,,false,,
Garnet,Rye River,2019,9.5,Imperial Brown,750,1,1,false,,,true,Cognac,
The Helm of Awe,Sahtipaja,2018,12.2,Imperial Stout,330,0,1,true,,,true,Red Wine,honey
Sabro Vermont Session IPA,SALT,2020,4.2,New England IPA,440,0,1,true,,,false,,
310 California Blonde Ale,Santa Monica Brew Works,2020,4.8,Blonde Ale,330,0,1,true,12,,false,,
40th Hoppy Anniversary Ale,Sierra Nevada Brewing Co.,2020,6,Hoppy Ale,355,0,2,true,,,false,,
Big Foot,Sierra Nevada Brewing Co.,2011,9.6,Barley Wine,355,1,1,false,,,false,,
Big Foot,Sierra Nevada Brewing Co.,2012,9.6,Barley Wine,355,1,1,true,,,false,,
Big Foot,Sierra Nevada Brewing Co.,2013,9.6,Barley Wine,355,1,1,true,,,false,,
Big Foot,Sierra Nevada Brewing Co.,2014,9.6,Barley Wine,355,1,1,true,,,false,,
Big Foot,Sierra Nevada Brewing Co.,2015,9.6,Barley Wine,355,1,1,true,,,false,,
Big Foot,Sierra Nevada Brewing Co.,2016,9.6,Barley Wine,355,1,1,true,,,false,,
Big Foot,Sierra Nevada Brewing Co.,2016,11.6,Barley Wine,710,1,1,true,,,true,,
Big Foot,Sierra Nevada Brewing Co.,2017,9.6,Barley Wine,355,1,1,true,,,false,,
Big Foot,Sierra Nevada Brewing Co.,2018,9.6,Barley Wine,355,1,1,true,,,false,,
Big Foot,Sierra Nevada Brewing Co.,2019,9.6,Barley Wine,355,1,1,true,,,false,,
Big Foot,Sierra Nevada Brewing Co.,2020,9.6,Barley Wine,355,2,2,false,,,false,,
Life And Limb,Sierra Nevada Brewing Co.,2019,10.2,Maple and Birch Syrup Ale,473,0,2,true,45,,false,,
Torpedo,Sierra Nevada Brewing Co.,2020,8.6,Imperial IPA,750,0,1,true,,,true,Whiskey,
Much Ado About Muffin,Siren Craft Brew,2020,5.5,Fruit Beer,440,0,1,true,,,false,,Blueberries
Brown Ale,St. Mel's Brewing Company,2020,5.2,Brown Ale,500,0,1,true,,,false,,
Helles Lager,St. Mel's Brewing Company,2020,5,Helles Lager,500,0,1,true,,,false,,
Big Blue,Stewart Brewing,2020,7,Spiced Blueberry Stout,1000,0,1,true,52,Kinnegar Brewing,false,,Blueberry Juice and Cardamoms
w00tstout,Stone,2018,11.5,Stout,330,0,1,true,,,false,,
Old Fashined Bourbon Ale,Strathcona,2018,7.5,Old Ale,650,1,1,false,,,false,,
Correctamundo,SuperFlux,2018,7,Porter,473,0,1,true,,,false,,
Pretty Green,The Format,2019,7.5,DDH IPA,440,0,1,true,,,false,,
Outdoorsman,The Gipsy Hill Brewing Co.,2020,4.8,Fruited Sour,440,0,1,true,,,false,,
India Pale Ale Nelson Sauvin Vic Secret,The Kernel Brewery,2020,6.9,American IPA,330,0,1,true,,,false,,
In to the Fucking Stratasphere,Third Barrel,2019,11,Triple IPA,440,0,1,true,,,false,,
Juice Bigalow,Third Barrel,2020,7,New England IPA,440,0,1,true,,,false,,
Plastic Paddy,Third Barrel,2020,7,Black IPA,440,0,1,true,,,false,,
The Darkness,Third Barrel,2019,10,Baltic Porter,330,0,2,true,70,,true,,
Cowbell,Third Circle,2020,7.2,Milk Stout,330,0,1,true,,,true,Rum and Whiskey,
Bright Eyes,Trouble Brewing,2020,3,Table Beer,440,0,1,true,,White Hag,false,,
Summer Saze,Vocation,2020,7,Elderflower & Honey Saison,440,0,1,true,,,false,,
Marauder,Wander Beyond,2020,13,Imperial Stout,250,0,1,true,,Slim Pickens,false,,
Blue Jumper,Western Herd Brewing Co,2020,6.2,IPA,500,0,1,true,,,false,,
Dolmen Irish Whiskey Stout,Western Herd Brewing Co,2020,7.6,Coffee Stout,440,0,1,true,,,true,Irish Whiskey Barrels,Cocoa-nibs and Coffee
Westvleteren xii,Westvleteren,2014,10.2,Trappist,330,1,1,true,,,true,,
Westvleteren xii,Westvleteren,2018,10.2,Trappist,330,1,1,true,,,false,,
All Together,Whiplash,2020,6.5,IPA,440,0,4,true,,,false,,
Apocalypse Dreams,Whiplash,2020,8,Double IPA,440,0,3,true,,,false,,
Body Riddle,Whiplash,2020,4.5,American Pale Ale,2000,0,1,true,26,,false,,
Eventually,Whiplash,2020,8,Double IPA,440,0,3,true,,,false,,
Plausible Deniability,Whiplash,2020,8.2,Double IPA,440,0,6,true,,Garage Beer co.,false,,
Reckoner,Whiplash,2020,6.3,IPA,440,0,3,true,,,false,,
Safe Changes,Whiplash,2020,5,Pale Ale,440,0,1,true,,,false,,
Sandstorm,Whiplash,2020,2.8,Micro IPA,440,0,2,true,,,false,,
Setting Sun,Whiplash,2020,8,Double IPA,440,0,3,true,,,false,,
Shades of Marble,Whiplash,2020,8,Double IPA,440,0,3,true,,,false,,
Surrender to the Void,Whiplash,2020,8,Double IPA,440,0,2,true,,,false,,
Swoon,Whiplash,2020,8,Double IPA,440,0,6,true,,,false,,
Telephone Line,Whiplash,2020,8.1,Double IPA,440,0,2,true,,Wylam,false,,
Atlantean,White Hag,2020,5.4,New England IPA,330,0,10,true,,,false,,
Beann Gulban,White Hag,2017,6.9,Irish Heather Sour Ale,375,3,4,true,,,true,French and Hungarian Oak,
Black Boar,White Hag,2019,10.2,Imperial Oatmeal Stout,330,0,1,true,,,false,Bourbon,
Bran & Sceolan,White Hag,2020,7.2,Irish IPA,330,0,4,true,,,false,,
Fionn,White Hag,2019,8.5,Double IPA,440,0,3,true,,,false,,
Fionn,White Hag,2020,8.5,Double IPA,1000,0,1,true,,,false,,
Hagstravaganza 4 - Black Boar Barrel Aged With Raspberries,White Hag,2018,11.6,Imperial Stout,750,1,1,true,,,true,,raspberries
Hagstravaganza 5 - Single Barrel Bourbon Barley Wine,White Hag,2019,13,Barley Wine,750,2,2,true,,,true,Bourbon,
Hopstravaganza,White Hag,2020,6.2,New England IPA,330,0,1,true,,,false,,
Little Fawn,White Hag,2020,4.2,Session IPA,330,0,16,true,,,false,,
Little Olcan,White Hag,2020,4.2,Brett Session IPA,330,0,1,true,,,true,,
Malafemmena,White Hag,2020,8.5,Double IPA,440,0,1,true,,"Johnny's Off Licence,",false,,
Ninth Wave,White Hag,2020,5.4,New World Pale Ale,330,0,14,true,,,false,,
No. 40,White Hag,2019,13,Rye Wine,330,0,2,true,,Brew By Numbers,true,,
Olcan,White Hag,2017,6,Brett IPA,375,0,1,true,,,true,,
Phantom,White Hag,2020,4,Hazy IPA,330,0,14,true,,,false,,
Púca Berry Hibiscus & Ginger,White Hag,2020,3.5,Dry Hopped Lemon Sour,330,0,6,true,,,false,,
The Dark Druid Salted Caramel,White Hag,2020,5.5,Pastry Stout,330,0,1,true,,,false,,
The Dark Druid Chocolate Coconut,White Hag,2020,5.5,Pastry Stout,330,0,1,true,,,false,,
The Púca Lemon,White Hag,2020,3.5,Dry Hopped Lemon Sour,330,0,6,true,,,false,,
Mill pilsner ,Wide Street Brewing co,2020,5.5,Farmhouse pilsner ,440,0,1,true,,,false,,
Sour Rivière,Wide Street Brewing co,2020,4.8,Sour,440,0,1,true,3,,false,,
A Never Ending Series of Question Marks,Wylam,2020,7.5,DDH IPA,440,0,3,true,,De Molen,false,,
In Definace of Gravity,Wylam,2020,6.7,IPA,440,0,1,true,,Apex,false,,
In My High Wire Days,Wylam,2020,4.1,Pale Ale,440,0,1,true,,,false,,
Paying the Price for My Smooth Ride,Wylam,2020,8.8,Double IPA,440,0,1,true,,Finback,false,,
WXY5,Wylam,2020,7,Southern Hemisphere IPA,440,0,1,true,,Yeastie Boys,false,,
The Last Stand,Yellow Belly,2019,8.2,American Barley wine,330,0,1,true,,,false,,
Outside Looking In,Cloudwater Brew Co.,2020,8,Double IPA,440,0,1,true,,,false,,
King Nelson,BRÚ Brewery,2020,6.2,IPA,440,0,1,true,,CraftCentral.ie,false,,
Patrons Project 26.02 Double Cone Ice Cream Pale,Northern Monk,2020,8.2,Milkshake IPA,440,0,1,true,20,,false,,
Is the Spider Small?,Cloudwater Brew Co.,2020,6,DDH IPA,440,0,2,true,,,false,,
Youngsters On Dominoes,Oddity,2020,5.4,Pale Ale,440,0,1,true,,,false,,
"The Dropper Neomexicanus
",Rye River,2020,5.4,American Pale Ale,440,0,2,true,,Yakima Chief Hops,false,,
Tank Sample II,Omnipollo,2020,7.3,Double IPA,330,0,1,true,,,false,,
Anima Single Citra,Omnipollo,2020,8,Double Dry Hopped Double IPA,330,0,1,true,,,false,,
Intergalactic Yuzu,Rye River,2020,3.9,Citrus Gose,440,0,1,true,,Yeastie Boys,false,,
In My High Wire Days,Wylam,2020,4.1,Pale Ale,440,0,1,true,,,false,,
Hickey The Rake,Wylam,2020,4.2,Limonata Pale,440,0,1,true,,,false,,
Soft & Juicy,Cloudwater Brew Co.,2020,6,IPA,440,0,1,true,,,false,,
Haunt DIPA,Whiplash,2020,8.2,Double IPA,440,0,3,true,,,false,,
Water Jump,Whiplash,2020,6.8,IPA,440,0,4,true,,,false,,
Never Cursed,Whiplash,2020,4.1,Grisette,440,0,4,true,,,false,,
Goblin Sauce,Bellwoods Brewery,2020,8.5,Double IPA,473,0,1,true,,,false,,
Roman Candle,Bellwoods Brewery,2020,6.8,IPA,473,0,1,true,,,false,,
I'll do,Cloudwater Brew Co.,2020,8,Double IPA,440,0,1,true,,Verdant Brewing co.,false,,
Jutsu,Bellwoods Brewery,2020,5.6,Pale Ale,473,0,1,true,,,false,,
Land Of Landings,Cloudwater Brew Co.,2020,6,New England IPA,440,0,1,true,,,false,,
You Do,Cloudwater Brew Co.,2020,8,Double IPA,440,0,1,true,,Verdant Brewing co.,false,,
Bird Tweets Trump Trump Tweets,Cloudwater Brew Co.,2020,5,New England Pale Ale,440,0,1,true,,,false,,
KBS Espresso,Founders,2020,12,Imperial Coffee Stout,355,1,1,false,,,true,,
Plant,Garage Beer co.,2020,8.8,Double IPA,440,0,1,true,,,false,,
Zintuki,The Wild Beer,2020,7.3,Wild Ale,330,1,1,false,,,false,,apple
Mosaic Escalator,Garage Beer co.,2020,8,Single Hop Double IPA,440,0,1,true,,,false,,
Patrons Project 4.07 // Drew Millward // Northern Tropics //Tropical IPA,Northern Monk,2020,7,Milkshake IPA,440,0,1,true,,,false,,
Amuse Cherry,The Wild Beer,2020,6,Fruited Sour,330,1,1,false,,,true,,cherries
Skip Town,Garage Beer co.,2020,6.5,IPA,440,0,1,true,,,false,,
Sourdough,The Wild Beer,2020,3.6,Wild Ale,330,0,1,true,,,true,oak,
Horse Power,Whiplash,2020,6.8,IPA,440,0,4,true,,,false,,
Centurion Centennial,Third Circle,2020,6,West Coast IPA,330,0,2,true,,,false,,
The American Dream,Brewtal Truth,2020,6.1,American IPA,500,0,1,true,60,,false,,
Exploded View Simcoe,O'Brother,2020,8,Double IPA,440,0,1,true,,,false,,
Rwandan Coffe Rye,Larkin's,2020,7,Coffe Rye IPA,440,0,1,true,,Catalyst,false,,
Heidrun ,White Hag,2020,6.5,Bock Beer,440,0,1,true,,,false,,
GALAXY Smash IPA,White Hag,2020,5.5,Smash IPA,440,0,1,true,,,false,,
STRATA Smash IPA,White Hag,2020,5.5,Smash IPA,440,0,1,true,,,false,,
Samhain,White Hag,2020,6.2,Pumpkin Ale,440,0,1,true,,,false,,
Shouting At Strangers,Wylam,2020,5.8,kviek Amber Ale,440,0,1,true,,,false,,
The Herd Bourbon Barrel Aged Quadrupel,Rye River,2020,13,Belgian Quadrupel,750,1,1,false,,,true,,
Mon Cherry,The Wild Beer,2020,6.3,Wild Sour Ale,330,0,1,true,,,false,,
Dr Todd,The Wild Beer,2020,9.7,Sour,330,1,1,false,,,true,,
Always Half Strange,Whiplash,2020,5.7,Belgian Pale,440,0,2,true,,,false,,
Backdrifts,Whiplash,2020,9,Oat Tripel,440,0,2,true,,,false,,
Grisette Traminer,Whiplash,2020,4.1,Grisette,440,0,2,true,,,false,,
Enso,Equilibrium,2020,8.2,Double IPA,440,0,1,true,,,false,,
Twelve Yellow Legs,Cloudwater Brew Co.,2020,10,Triple New England IPA,440,0,1,true,,,false,,
A Name For The Other One,Cloudwater Brew Co.,2020,6,American IPA,440,0,1,true,,,false,,
Koru,Equilibrium,2020,10,Triple IPA,440,0,1,true,,,false,,
Fractal Lab Nelson/Citra,Equilibrium,2020,6.8,American IPA,440,0,1,true,,,false,,
Two Of A Kind,Cloudwater Brew Co.,2020,7,New England IPA,440,0,1,true,,Equilibrium,false,,
Coolship,The Wild Beer,2020,5.9,Wild Ale,750,1,1,false,,,false,,
Jupiters,Whiplash,2020,5.1,Pale Ale,440,0,1,true,,,false,,
Big Little,Heaney Farmhouse,2020,4.2,IPA,440,0,1,true,,,false,,
Wild IPA,The Wild Beer,2020,5.2,Farmhouse IPA,440,0,1,true,,,false,,
IDAHO 7,White Hag,2020,5.5,Smash IPA,440,0,1,true,,,false,,
CITRA ,White Hag,2020,5.5,Smash IPA,440,0,1,true,,,false,,
DiDi,Trouble Brewing,2020,4.7,New England Pale Ale,440,0,1,true,,,false,,
Honest Promise,Whiplash,2020,5,Pale Ale,330,0,1,true,,Honest Brew,false,,
The Dark Druid,White Hag,2020,5.5,Chocolate Orange Pastry Stout,330,0,1,true,,,false,,
There Will Be No Intervals,Verdant Brewing co.,2020,4.5,New England Pale Ale,440,0,1,true,,,false,,
Degrees,Verdant Brewing co.,2020,8,Double IPA,440,0,1,true,,Deya,false,,
"Fruit, Car, Sight, Exhibiton",Verdant Brewing co.,2020,8,Double IPA,440,0,1,true,,,false,,
Pulp Double,Verdant Brewing co.,2020,8,IPA,440,0,1,true,,,false,,
Even Sharks Need Water,Verdant Brewing co.,2020,6.5,IPA,440,0,1,true,,,false,,
Two Hundred Fathoms,Galway Bay,2020,10,Imperial Stout,500,4,4,false,,,true,Whiskey,
Two Hundred Fathoms,Galway Bay,2018,10,Imperial Stout,500,2,2,false,,Calendar Coffee,true,Bourbon & Rum,Espresso Coffee
Two Hundred Fathoms,Galway Bay,2018,10,Imperial Stout,500,2,2,false,,,true,Bourbon & Rum,Madagascan Vanilla Beans & REAL organic Toasted Coconut Flakes
Jaipur X,Thornbridge Brewery,2020,10,Imperial IPA,440,0,1,true,80,,false,,
Racer 5,Bear Republic,2020,7.5,IPA,355,0,3,true,,,false,,
Champ De Fraise,Firestone Walker,2020,5.3,American Wild Ale,375,1,1,false,,,false,,
Big Mood ,Firestone Walker,2020,8.1,American Wild Ale,375,1,1,false,,Sante Adairius Rustic Ales,false,,
The Haze IPA ,Bear Republic,2020,6.4,Hazy IPA,355,0,3,true,,,false,,
Patrons Project 7.07 // Esben Bøg-Jensen // Tæppefald // Mikkeller // Coffee Collective,Northern Monk,2020,9.5,Imperial Coffee Stout,440,0,3,true,,Mikkeller,false,,Coffee Collective
Heart Of Chambers,Whiplash,2020,7.1,Double Coffee Porter,440,0,4,true,,3fe,false,,Coffee
Heart Of Chambers,Whiplash,2020,7.1,Double Coffee Porter,1000,0,1,true,,3fe,false,,Coffee
Let It Happen,Whiplash,2021,8,Double IPA,440,0,2,true,65,,false,,
Dark Steering,Whiplash,2021,5.2,Schwarzbier,440,0,2,true,,,false,,
The Horror,Whiplash,2021,9,Export Stout,440,0,2,true,,,false,,
Headlines,Whiplash,2020,10.5,Triple New England IPA,440,0,2,true,,Garage Beer co.,false,,
Disco Mystic,Whiplash,2020,8,Double New England IPA,440,0,2,true,,,false,,
Melody Noir,Whiplash,2020,7.2,Baltic Porter,440,0,2,true,,,false,,
Fatal Deviation,Whiplash,2020,11,Imperial Stout,440,0,2,true,,,true,Bourbon,
Scaldy Porter,Whiplash,2020,5.5,Porter,440,0,1,true,61,,false,,
Space Operator,Whiplash,2020,6.8,American IPA,440,0,1,true,20,,false,,
Hair of the Bear,Leaky Abstraction,2021,5.4,American Pale Ale,500,0,2,true,,,false,,
German Movies,Fuerst Wiacek,2021,6.8,IPA,440,0,1,true,,,false,,
Smooth Mover,Fuerst Wiacek,2021,6.8,IPA,440,0,1,true,,,false,,
Everything Is Under Control,Fuerst Wiacek,2021,6.8,IPA,440,0,1,true,,,false,,
Eat The Salad,Fuerst Wiacek,2021,6.8,IPA,440,0,1,true,,,false,,
Wanderland,Sierra Nevada Brewing Co.,2021,7.5,Nectarine Ale,355,0,1,true,,,false,,
Bigfoot,Sierra Nevada Brewing Co.,2021,9.6,American Barley wine,355,1,2,true,,,false,,
Bone Machine,Whiplash,2021,6.2,American IPA,440,0,1,true,35,,false,,
Ocata,Garage Beer co.,2021,5.4,New England IPA,1000,0,1,true,,,false,,
Ripples Pale Ale,Omnipollo,2020,5.5,Pale Ale,330,0,1,true,,,false,,
Double Noises,Omnipollo,2020,7.5,Imperial IPA,330,0,1,true,,,false,,
Granddad Grahams Butter Coffee ,Lervig,2020,12.1,Double Coffee Stout,330,0,1,true,,,true,,
I Say We And I Mean You And I Don't Know How,Cloudwater Brew Co.,2020,8,Imperial IPA,440,0,1,true,,,false,,
Night On the Files,Cloudwater Brew Co.,2020,8,Imperial New England IPA,440,0,1,true,,,false,,
Home From Home ,Verdant Brewing co.,2020,6.5,IPA,440,0,1,true,,,false,,
Neal Gets Things Done,Verdant Brewing co.,2020,6.5,IPA,440,0,1,true,,,false,,
Freestone New Zealand IPA,The Wild Beer,2020,5.8,New England IPA,440,0,1,true,,,false,,
A Summer of Drowning,Wylam,2020,7.3,IPA,440,0,1,true,,,false,,
The 44th Line of Code,Wylam,2020,8,Double IPA,440,0,1,true,,,false,,
#12 Something Good 12,Deya,2020,6.2,IPA,500,0,1,true,,,false,,
Death By Coconut,Oskar Blues,2020,6.5,Porter,355,0,1,true,,,false,,
#3 Something Good 3,Deya,2020,6.2,IPA,500,0,1,true,,,false,,
Steady Rolling Man,Deya,2020,5.2,Pale Ale,500,0,1,true,,,false,,
Stereo Mono El Dorado,To Øl,2020,6.8,Single Hop IPA,440,0,1,true,,,false,,
Kellogg’s Choco Krispies,Rosita,2020,5.5,Blonde Ale,330,0,1,true,7.9,,false,,
Rosita Negra Amb Avellanes D' Alcover,Rosita,2020,5.2,American Brown Ale,330,0,1,true,,,false,,
Bacchus Kriekenbier,Kasteel Brouwerij Vanhonsebrouck,2020,5.8,Sour,330,0,1,true,,,false,,
Epidor,Moritz,2020,7.2,Lager,330,0,1,true,30,,false,,
4 Maltes,Les Clandestines,2020,4.6,American Pale Ale,330,0,1,true,23,,false,,
Frigola,Les Clandestines,2020,4.5,Belgian Pale,330,0,1,true,23,,false,,
Hazy State,Collective Arts Brewing,2020,4.1,Session IPA,440,0,1,true,,,false,,
Ransack the Universe,Collective Arts Brewing,2020,6.8,American IPA,440,0,1,true,85,,false,,
Not My Gumdrop Buttons!,Larkin's,2020,6.5,Brown Ale,440,0,1,true,,,false,,
Saison van de Bruwer,Brasserie de la Senne,2020,5.3,Farmhouse Saison Ale,330,0,1,true,60,,false,,
Kruidige Tripel,Koninklijke Grolsch,2020,8.3,Belgian Tripple,400,0,1,true,20,,false,,
"Buy It, Use It, Break It, Fix It!",Neon Raptor Brewing Co.,2020,6.8,New England IPA,475,0,1,true,,,false,,
Softly Spoken Magic Spells,SingleCut Beersmiths,2020,8.6,Double New England IPA,440,0,1,true,130,,false,,
Bianca Guava Lychee Passionfruit Lassi Gose,Omnipollo,2020,7,Fruited Gose,500,0,1,true,,,false,,
OBSCENE,Garage Beer co.,2020,11,Triple New England IPA,440,0,1,true,,,false,,
Big Mouth,Lervig,2020,4.6,Session IPA,330,0,1,true,,,false,,
Armchair Detective,Põhjala,2020,12,Imperial Baltic Porter,330,0,1,true,,,true,cognac,
Green City,Other Half,2020,7,American IPA,475,0,1,true,,,false,,
Shipping Out of Boston,Jack's Abby Craft Lagers,2020,5.3,Amber Lager,475,0,1,true,,,false,,
The Ocean Wide,Whiplash,2021,6.8,Brown Ale,440,0,2,true,,,false,,
Saunter,Whiplash,2021,8.3,Belgian Dubbel,440,0,2,true,,,false,,
Fakey Cake Maker,Whiplash,2021,11,Imperial Stout,440,0,2,true,,,false,,
Ratio,Whiplash,2021,6.2,IPA,440,0,3,true,,,false,,
Cream On Chrome,Whiplash,2021,8,Double IPA,440,0,3,true,,,false,,
 Ten Second Tube,Basqueland,2021,5.9,West Coast IPA,440,0,1,true,,,false,,
Spree Series,White Hag,2021,6.5,Mochaccino Milk Stout,330,0,1,true,,,false,,
Shamrock Shake,White Hag,2021,5.5,Milkshake Pale Ale,330,0,2,true,,,false,,
Quicksand Double,Hopfully,2021,6.6,Dry Hopped New England IPA,440,0,1,true,,,false,,
Double Barrel Aged Leann Folláin (Edition Vol. 10),O'hara's,2021,12,Imperial Stout,375,2,2,false,,,true,"Bourbon, Sheey & Whiskey",
"India Pale Ale (Mosaic, HBC 431)",The Kernel Brewery,2021,6.8,IPA,330,0,1,true,,,false,,
Sis 6 Years,Garage Beer co.,2021,8,Double IPA,440,0,1,true,,,false,,
Right,Garage Beer co.,2021,6.6,Hazy IPA,440,0,1,true,,,false,,
Aporia,Garage Beer co.,2021,8,Coffee Export Stout,440,1,1,false,,,false,,
Grain & Hustle Multi-grain,Basqueland,2021,5.9,West Coast IPA,440,0,1,true,,,false,,
Pintxo Pintxo,Basqueland,2021,7.8,Double IPA,440,0,1,true,,,false,,
Digital Symphony,Basqueland,2021,8,Double New England IPA,440,0,1,true,,Fuerst Wiacek,false,,
Voodoo Logic,Trouble Brewing,2021,10,Imperial Maple Stout,440,1,1,false,,,false,,
Nitro Stout,O'hara's,2021,4.3,Stout,440,0,1,true,,,false,,
Betty's Dry-Hopped New Zealand Lager,Rascal,2021,4.5,Helles Lager,440,0,1,true,,,false,,
You Asked For This,Boundary,2021,4.5,American Pale Ale,440,0,0,true,,,false,,
Double Nelson,Boundary,2021,8,Double IPA,440,0,0,true,,,false,,
Bruce's Hazy New Zealand IPA,Rascal,2021,6.2,IPA,440,0,0,true,,,false,,
Dragons Fuel,To Øl,2021,7.2,New England IPA,440,0,0,true,,,false,,
Drone Logic,Whiplash,2021,8,Double IPA,440,1,2,true,80,,false,,
Breaking Glass,Whiplash,2021,7,American IPA,440,1,2,true,,,false,,
